{"RuleTriggered": 0, "Violations": 0, "Details": {"Network": {"algo-1": {"max": 3805.11, "p99": 0, "p95": 0, "p50": 0, "min": 0}}, "GPU": {"algo-1": {"max": 90.0, "p99": 89.0, "p95": 84.7, "p50": 13.0, "min": 0}}, "CPU": {"algo-1": {"max": 99.52, "p99": 95.85, "p95": 88.45, "p50": 44.63, "min": 10.35}}, "CPU memory": {"algo-1": {"max": 28.7, "p99": 27.17, "p95": 24.57, "p50": 23.92, "min": 7.75}}, "GPU memory": {"algo-1": {"max": 84.0, "p99": 83.0, "p95": 80.0, "p50": 9.0, "min": 0}}, "I/O": {"algo-1": {"max": 84.01, "p99": 70.04, "p95": 47.57, "p50": 0, "min": 0}}}, "Datapoints": 886, "RuleParameters": ""}